[{"FieldInstanceID":102,"LookUpID":1,"LookUpDescription":"Male","LastUPD":null,"ChildFieldInstanceID":null,"ClientID":3,"LookUpOrder":1,"LookUpDescription_AR":null,"LookupCode":null,"New":null},{"FieldInstanceID":102,"LookUpID":2,"LookUpDescription":"Female","LastUPD":null,"ChildFieldInstanceID":null,"ClientID":3,"LookUpOrder":2,"LookUpDescription_AR":null,"LookupCode":null,"New":null},{"FieldInstanceID":107,"LookUpID":2,"LookUpDescription":"Albanian","LastUPD":null,"ChildFieldInstanceID":null,"ClientID":3,"LookUpOrder":2,"LookUpDescription_AR":null,"LookupCode":null,"New":null},{"FieldInstanceID":107,"LookUpID":3,"LookUpDescription":"Algerian","LastUPD":null,"ChildFieldInstanceID":null,"ClientID":3,"LookUpOrder":3,"LookUpDescription_AR":null,"LookupCode":null,"New":null},{"FieldInstanceID":107,"LookUpID":4,"LookUpDescription":"American","LastUPD":null,"ChildFieldInstanceID":null,"ClientID":3,"LookUpOrder":4,"LookUpDescription_AR":null,"LookupCode":null,"New":null},{"FieldInstanceID":107,"LookUpID":5,"LookUpDescription":"Andorran","LastUPD":null,"ChildFieldInstanceID":null,"ClientID":3,"LookUpOrder":5,"LookUpDescription_AR":null,"LookupCode":null,"New":null},{"FieldInstanceID":107,"LookUpID":6,"LookUpDescription":"Angolan","LastUPD":null,"ChildFieldInstanceID":null,"ClientID":3,"LookUpOrder":6,"LookUpDescription_AR":null,"LookupCode":null,"New":null},{"FieldInstanceID":107,"LookUpID":42,"LookUpDescription":"Comoran","LastUPD":null,"ChildFieldInstanceID":null,"ClientID":3,"LookUpOrder":42,"LookUpDescription_AR":null,"LookupCode":null,"New":null},{"FieldInstanceID":107,"LookUpID":43,"LookUpDescription":"Congolese","LastUPD":null,"ChildFieldInstanceID":null,"ClientID":3,"LookUpOrder":43,"LookUpDescription_AR":null,"LookupCode":null,"New":null},{"FieldInstanceID":107,"LookUpID":44,"LookUpDescription":"Costa Rican","LastUPD":null,"ChildFieldInstanceID":null,"ClientID":3,"LookUpOrder":44,"LookUpDescription_AR":null,"LookupCode":null,"New":null},{"FieldInstanceID":107,"LookUpID":45,"LookUpDescription":"Croatian","LastUPD":null,"ChildFieldInstanceID":null,"ClientID":3,"LookUpOrder":45,"LookUpDescription_AR":null,"LookupCode":null,"New":null},{"FieldInstanceID":107,"LookUpID":46,"LookUpDescription":"Cuban","LastUPD":null,"ChildFieldInstanceID":null,"ClientID":3,"LookUpOrder":46,"LookUpDescription_AR":null,"LookupCode":null,"New":null},{"FieldInstanceID":107,"LookUpID":47,"LookUpDescription":"Cypriot","LastUPD":null,"ChildFieldInstanceID":null,"ClientID":3,"LookUpOrder":47,"LookUpDescription_AR":null,"LookupCode":null,"New":null},{"FieldInstanceID":107,"LookUpID":48,"LookUpDescription":"Czech","LastUPD":null,"ChildFieldInstanceID":null,"ClientID":3,"LookUpOrder":48,"LookUpDescription_AR":null,"LookupCode":null,"New":null},{"FieldInstanceID":107,"LookUpID":49,"LookUpDescription":"Danish","LastUPD":null,"ChildFieldInstanceID":null,"ClientID":3,"LookUpOrder":49,"LookUpDescription_AR":null,"LookupCode":null,"New":null},{"FieldInstanceID":107,"LookUpID":101,"LookUpDescription":"Liberian","LastUPD":null,"ChildFieldInstanceID":null,"ClientID":3,"LookUpOrder":101,"LookUpDescription_AR":null,"LookupCode":null,"New":null},{"FieldInstanceID":107,"LookUpID":102,"LookUpDescription":"Libyan","LastUPD":null,"ChildFieldInstanceID":null,"ClientID":3,"LookUpOrder":102,"LookUpDescription_AR":null,"LookupCode":null,"New":null},{"FieldInstanceID":107,"LookUpID":103,"LookUpDescription":"Liechtensteiner","LastUPD":null,"ChildFieldInstanceID":null,"ClientID":3,"LookUpOrder":103,"LookUpDescription_AR":null,"LookupCode":null,"New":null},{"FieldInstanceID":107,"LookUpID":104,"LookUpDescription":"Lithuanian","LastUPD":null,"ChildFieldInstanceID":null,"ClientID":3,"LookUpOrder":104,"LookUpDescription_AR":null,"LookupCode":null,"New":null},{"FieldInstanceID":107,"LookUpID":105,"LookUpDescription":"Luxembourger","LastUPD":null,"ChildFieldInstanceID":null,"ClientID":3,"LookUpOrder":105,"LookUpDescription_AR":null,"LookupCode":null,"New":null},{"FieldInstanceID":107,"LookUpID":106,"LookUpDescription":"Macedonian","LastUPD":null,"ChildFieldInstanceID":null,"ClientID":3,"LookUpOrder":106,"LookUpDescription_AR":null,"LookupCode":null,"New":null},{"FieldInstanceID":107,"LookUpID":107,"LookUpDescription":"Malagasy","LastUPD":null,"ChildFieldInstanceID":null,"ClientID":3,"LookUpOrder":107,"LookUpDescription_AR":null,"LookupCode":null,"New":null},{"FieldInstanceID":107,"LookUpID":108,"LookUpDescription":"Malawian","LastUPD":null,"ChildFieldInstanceID":null,"ClientID":3,"LookUpOrder":108,"LookUpDescription_AR":null,"LookupCode":null,"New":null},{"FieldInstanceID":107,"LookUpID":109,"LookUpDescription":"Malaysian","LastUPD":null,"ChildFieldInstanceID":null,"ClientID":3,"LookUpOrder":109,"LookUpDescription_AR":null,"LookupCode":null,"New":null},{"FieldInstanceID":107,"LookUpID":110,"LookUpDescription":"Maldivan","LastUPD":null,"ChildFieldInstanceID":null,"ClientID":3,"LookUpOrder":110,"LookUpDescription_AR":null,"LookupCode":null,"New":null},{"FieldInstanceID":107,"LookUpID":111,"LookUpDescription":"Malian","LastUPD":null,"ChildFieldInstanceID":null,"ClientID":3,"LookUpOrder":111,"LookUpDescription_AR":null,"LookupCode":null,"New":null},{"FieldInstanceID":107,"LookUpID":112,"LookUpDescription":"Maltese","LastUPD":null,"ChildFieldInstanceID":null,"ClientID":3,"LookUpOrder":112,"LookUpDescription_AR":null,"LookupCode":null,"New":null},{"FieldInstanceID":107,"LookUpID":113,"LookUpDescription":"Marshallese","LastUPD":null,"ChildFieldInstanceID":null,"ClientID":3,"LookUpOrder":113,"LookUpDescription_AR":null,"LookupCode":null,"New":null},{"FieldInstanceID":107,"LookUpID":114,"LookUpDescription":"Mauritanian","LastUPD":null,"ChildFieldInstanceID":null,"ClientID":3,"LookUpOrder":114,"LookUpDescription_AR":null,"LookupCode":null,"New":null},{"FieldInstanceID":107,"LookUpID":115,"LookUpDescription":"Mauritian","LastUPD":null,"ChildFieldInstanceID":null,"ClientID":3,"LookUpOrder":115,"LookUpDescription_AR":null,"LookupCode":null,"New":null},{"FieldInstanceID":107,"LookUpID":116,"LookUpDescription":"Mexican","LastUPD":null,"ChildFieldInstanceID":null,"ClientID":3,"LookUpOrder":116,"LookUpDescription_AR":null,"LookupCode":null,"New":null},{"FieldInstanceID":107,"LookUpID":117,"LookUpDescription":"Micronesian","LastUPD":null,"ChildFieldInstanceID":null,"ClientID":3,"LookUpOrder":117,"LookUpDescription_AR":null,"LookupCode":null,"New":null},{"FieldInstanceID":107,"LookUpID":118,"LookUpDescription":"Moldovan","LastUPD":null,"ChildFieldInstanceID":null,"ClientID":3,"LookUpOrder":118,"LookUpDescription_AR":null,"LookupCode":null,"New":null},{"FieldInstanceID":107,"LookUpID":119,"LookUpDescription":"Monacan","LastUPD":null,"ChildFieldInstanceID":null,"ClientID":3,"LookUpOrder":119,"LookUpDescription_AR":null,"LookupCode":null,"New":null},{"FieldInstanceID":107,"LookUpID":120,"LookUpDescription":"Mongolian","LastUPD":null,"ChildFieldInstanceID":null,"ClientID":3,"LookUpOrder":120,"LookUpDescription_AR":null,"LookupCode":null,"New":null},{"FieldInstanceID":107,"LookUpID":121,"LookUpDescription":"Moroccan","LastUPD":null,"ChildFieldInstanceID":null,"ClientID":3,"LookUpOrder":121,"LookUpDescription_AR":null,"LookupCode":null,"New":null},{"FieldInstanceID":107,"LookUpID":122,"LookUpDescription":"Mosotho","LastUPD":null,"ChildFieldInstanceID":null,"ClientID":3,"LookUpOrder":122,"LookUpDescription_AR":null,"LookupCode":null,"New":null},{"FieldInstanceID":107,"LookUpID":123,"LookUpDescription":"Motswana","LastUPD":null,"ChildFieldInstanceID":null,"ClientID":3,"LookUpOrder":123,"LookUpDescription_AR":null,"LookupCode":null,"New":null},{"FieldInstanceID":107,"LookUpID":124,"LookUpDescription":"Mozambican","LastUPD":null,"ChildFieldInstanceID":null,"ClientID":3,"LookUpOrder":124,"LookUpDescription_AR":null,"LookupCode":null,"New":null},{"FieldInstanceID":107,"LookUpID":125,"LookUpDescription":"Namibian","LastUPD":null,"ChildFieldInstanceID":null,"ClientID":3,"LookUpOrder":125,"LookUpDescription_AR":null,"LookupCode":null,"New":null},{"FieldInstanceID":107,"LookUpID":126,"LookUpDescription":"Nauruan","LastUPD":null,"ChildFieldInstanceID":null,"ClientID":3,"LookUpOrder":126,"LookUpDescription_AR":null,"LookupCode":null,"New":null},{"FieldInstanceID":107,"LookUpID":127,"LookUpDescription":"Nepalese","LastUPD":null,"ChildFieldInstanceID":null,"ClientID":3,"LookUpOrder":127,"LookUpDescription_AR":null,"LookupCode":null,"New":null},{"FieldInstanceID":107,"LookUpID":128,"LookUpDescription":"New Zealander","LastUPD":null,"ChildFieldInstanceID":null,"ClientID":3,"LookUpOrder":128,"LookUpDescription_AR":null,"LookupCode":null,"New":null},{"FieldInstanceID":107,"LookUpID":129,"LookUpDescription":"Nicaraguan","LastUPD":null,"ChildFieldInstanceID":null,"ClientID":3,"LookUpOrder":129,"LookUpDescription_AR":null,"LookupCode":null,"New":null},{"FieldInstanceID":107,"LookUpID":130,"LookUpDescription":"Nigerian","LastUPD":null,"ChildFieldInstanceID":null,"ClientID":3,"LookUpOrder":130,"LookUpDescription_AR":null,"LookupCode":null,"New":null},{"FieldInstanceID":107,"LookUpID":131,"LookUpDescription":"Nigerien","LastUPD":null,"ChildFieldInstanceID":null,"ClientID":3,"LookUpOrder":131,"LookUpDescription_AR":null,"LookupCode":null,"New":null},{"FieldInstanceID":107,"LookUpID":132,"LookUpDescription":"North Korean","LastUPD":null,"ChildFieldInstanceID":null,"ClientID":3,"LookUpOrder":132,"LookUpDescription_AR":null,"LookupCode":null,"New":null},{"FieldInstanceID":107,"LookUpID":133,"LookUpDescription":"Northern Irish","LastUPD":null,"ChildFieldInstanceID":null,"ClientID":3,"LookUpOrder":133,"LookUpDescription_AR":null,"LookupCode":null,"New":null},{"FieldInstanceID":107,"LookUpID":134,"LookUpDescription":"Norwegian","LastUPD":null,"ChildFieldInstanceID":null,"ClientID":3,"LookUpOrder":134,"LookUpDescription_AR":null,"LookupCode":null,"New":null},{"FieldInstanceID":107,"LookUpID":135,"LookUpDescription":"Omani","LastUPD":null,"ChildFieldInstanceID":null,"ClientID":3,"LookUpOrder":135,"LookUpDescription_AR":null,"LookupCode":null,"New":null},{"FieldInstanceID":107,"LookUpID":136,"LookUpDescription":"Pakistani","LastUPD":null,"ChildFieldInstanceID":null,"ClientID":3,"LookUpOrder":136,"LookUpDescription_AR":null,"LookupCode":null,"New":null},{"FieldInstanceID":107,"LookUpID":137,"LookUpDescription":"Palauan","LastUPD":null,"ChildFieldInstanceID":null,"ClientID":3,"LookUpOrder":137,"LookUpDescription_AR":null,"LookupCode":null,"New":null},{"FieldInstanceID":107,"LookUpID":138,"LookUpDescription":"Panamanian","LastUPD":null,"ChildFieldInstanceID":null,"ClientID":3,"LookUpOrder":138,"LookUpDescription_AR":null,"LookupCode":null,"New":null},{"FieldInstanceID":107,"LookUpID":139,"LookUpDescription":"Papua New Guinean","LastUPD":null,"ChildFieldInstanceID":null,"ClientID":3,"LookUpOrder":139,"LookUpDescription_AR":null,"LookupCode":null,"New":null},{"FieldInstanceID":107,"LookUpID":140,"LookUpDescription":"Paraguayan","LastUPD":null,"ChildFieldInstanceID":null,"ClientID":3,"LookUpOrder":140,"LookUpDescription_AR":null,"LookupCode":null,"New":null},{"FieldInstanceID":107,"LookUpID":141,"LookUpDescription":"Peruvian","LastUPD":null,"ChildFieldInstanceID":null,"ClientID":3,"LookUpOrder":141,"LookUpDescription_AR":null,"LookupCode":null,"New":null},{"FieldInstanceID":107,"LookUpID":142,"LookUpDescription":"Polish","LastUPD":null,"ChildFieldInstanceID":null,"ClientID":3,"LookUpOrder":142,"LookUpDescription_AR":null,"LookupCode":null,"New":null},{"FieldInstanceID":107,"LookUpID":143,"LookUpDescription":"Portuguese","LastUPD":null,"ChildFieldInstanceID":null,"ClientID":3,"LookUpOrder":143,"LookUpDescription_AR":null,"LookupCode":null,"New":null},{"FieldInstanceID":107,"LookUpID":144,"LookUpDescription":"Qatari","LastUPD":null,"ChildFieldInstanceID":null,"ClientID":3,"LookUpOrder":144,"LookUpDescription_AR":null,"LookupCode":null,"New":null},{"FieldInstanceID":107,"LookUpID":145,"LookUpDescription":"Romanian","LastUPD":null,"ChildFieldInstanceID":null,"ClientID":3,"LookUpOrder":145,"LookUpDescription_AR":null,"LookupCode":null,"New":null},{"FieldInstanceID":107,"LookUpID":146,"LookUpDescription":"Russian","LastUPD":null,"ChildFieldInstanceID":null,"ClientID":3,"LookUpOrder":146,"LookUpDescription_AR":null,"LookupCode":null,"New":null},{"FieldInstanceID":107,"LookUpID":147,"LookUpDescription":"Rwandan","LastUPD":null,"ChildFieldInstanceID":null,"ClientID":3,"LookUpOrder":147,"LookUpDescription_AR":null,"LookupCode":null,"New":null},{"FieldInstanceID":107,"LookUpID":148,"LookUpDescription":"Saint Lucian","LastUPD":null,"ChildFieldInstanceID":null,"ClientID":3,"LookUpOrder":148,"LookUpDescription_AR":null,"LookupCode":null,"New":null},{"FieldInstanceID":107,"LookUpID":149,"LookUpDescription":"Salvadoran","LastUPD":null,"ChildFieldInstanceID":null,"ClientID":3,"LookUpOrder":149,"LookUpDescription_AR":null,"LookupCode":null,"New":null},{"FieldInstanceID":107,"LookUpID":150,"LookUpDescription":"Samoan","LastUPD":null,"ChildFieldInstanceID":null,"ClientID":3,"LookUpOrder":150,"LookUpDescription_AR":null,"LookupCode":null,"New":null},{"FieldInstanceID":107,"LookUpID":151,"LookUpDescription":"San Marinese","LastUPD":null,"ChildFieldInstanceID":null,"ClientID":3,"LookUpOrder":151,"LookUpDescription_AR":null,"LookupCode":null,"New":null},{"FieldInstanceID":107,"LookUpID":152,"LookUpDescription":"Sao Tomean","LastUPD":null,"ChildFieldInstanceID":null,"ClientID":3,"LookUpOrder":152,"LookUpDescription_AR":null,"LookupCode":null,"New":null},{"FieldInstanceID":107,"LookUpID":153,"LookUpDescription":"Saudi","LastUPD":null,"ChildFieldInstanceID":null,"ClientID":3,"LookUpOrder":153,"LookUpDescription_AR":null,"LookupCode":null,"New":null},{"FieldInstanceID":107,"LookUpID":154,"LookUpDescription":"Scottish","LastUPD":null,"ChildFieldInstanceID":null,"ClientID":3,"LookUpOrder":154,"LookUpDescription_AR":null,"LookupCode":null,"New":null},{"FieldInstanceID":107,"LookUpID":155,"LookUpDescription":"Senegalese","LastUPD":null,"ChildFieldInstanceID":null,"ClientID":3,"LookUpOrder":155,"LookUpDescription_AR":null,"LookupCode":null,"New":null},{"FieldInstanceID":107,"LookUpID":156,"LookUpDescription":"Serbian","LastUPD":null,"ChildFieldInstanceID":null,"ClientID":3,"LookUpOrder":156,"LookUpDescription_AR":null,"LookupCode":null,"New":null},{"FieldInstanceID":107,"LookUpID":157,"LookUpDescription":"Seychellois","LastUPD":null,"ChildFieldInstanceID":null,"ClientID":3,"LookUpOrder":157,"LookUpDescription_AR":null,"LookupCode":null,"New":null},{"FieldInstanceID":107,"LookUpID":158,"LookUpDescription":"Sierra Leonean","LastUPD":null,"ChildFieldInstanceID":null,"ClientID":3,"LookUpOrder":158,"LookUpDescription_AR":null,"LookupCode":null,"New":null},{"FieldInstanceID":107,"LookUpID":159,"LookUpDescription":"Singaporean","LastUPD":null,"ChildFieldInstanceID":null,"ClientID":3,"LookUpOrder":159,"LookUpDescription_AR":null,"LookupCode":null,"New":null},{"FieldInstanceID":107,"LookUpID":160,"LookUpDescription":"Slovakian","LastUPD":null,"ChildFieldInstanceID":null,"ClientID":3,"LookUpOrder":160,"LookUpDescription_AR":null,"LookupCode":null,"New":null},{"FieldInstanceID":107,"LookUpID":161,"LookUpDescription":"Slovenian","LastUPD":null,"ChildFieldInstanceID":null,"ClientID":3,"LookUpOrder":161,"LookUpDescription_AR":null,"LookupCode":null,"New":null},{"FieldInstanceID":107,"LookUpID":162,"LookUpDescription":"Solomon Islander","LastUPD":null,"ChildFieldInstanceID":null,"ClientID":3,"LookUpOrder":162,"LookUpDescription_AR":null,"LookupCode":null,"New":null},{"FieldInstanceID":107,"LookUpID":163,"LookUpDescription":"Somali","LastUPD":null,"ChildFieldInstanceID":null,"ClientID":3,"LookUpOrder":163,"LookUpDescription_AR":null,"LookupCode":null,"New":null},{"FieldInstanceID":107,"LookUpID":164,"LookUpDescription":"South African","LastUPD":null,"ChildFieldInstanceID":null,"ClientID":3,"LookUpOrder":164,"LookUpDescription_AR":null,"LookupCode":null,"New":null},{"FieldInstanceID":107,"LookUpID":165,"LookUpDescription":"South Korean","LastUPD":null,"ChildFieldInstanceID":null,"ClientID":3,"LookUpOrder":165,"LookUpDescription_AR":null,"LookupCode":null,"New":null},{"FieldInstanceID":107,"LookUpID":166,"LookUpDescription":"Spanish","LastUPD":null,"ChildFieldInstanceID":null,"ClientID":3,"LookUpOrder":166,"LookUpDescription_AR":null,"LookupCode":null,"New":null},{"FieldInstanceID":107,"LookUpID":167,"LookUpDescription":"Sri Lankan","LastUPD":null,"ChildFieldInstanceID":null,"ClientID":3,"LookUpOrder":167,"LookUpDescription_AR":null,"LookupCode":null,"New":null},{"FieldInstanceID":107,"LookUpID":168,"LookUpDescription":"Sudanese","LastUPD":null,"ChildFieldInstanceID":null,"ClientID":3,"LookUpOrder":168,"LookUpDescription_AR":null,"LookupCode":null,"New":null},{"FieldInstanceID":107,"LookUpID":169,"LookUpDescription":"Surinamer","LastUPD":null,"ChildFieldInstanceID":null,"ClientID":3,"LookUpOrder":169,"LookUpDescription_AR":null,"LookupCode":null,"New":null},{"FieldInstanceID":107,"LookUpID":170,"LookUpDescription":"Swazi","LastUPD":null,"ChildFieldInstanceID":null,"ClientID":3,"LookUpOrder":170,"LookUpDescription_AR":null,"LookupCode":null,"New":null},{"FieldInstanceID":107,"LookUpID":171,"LookUpDescription":"Swedish","LastUPD":null,"ChildFieldInstanceID":null,"ClientID":3,"LookUpOrder":171,"LookUpDescription_AR":null,"LookupCode":null,"New":null},{"FieldInstanceID":107,"LookUpID":172,"LookUpDescription":"Swiss","LastUPD":null,"ChildFieldInstanceID":null,"ClientID":3,"LookUpOrder":172,"LookUpDescription_AR":null,"LookupCode":null,"New":null},{"FieldInstanceID":107,"LookUpID":173,"LookUpDescription":"Syrian","LastUPD":null,"ChildFieldInstanceID":null,"ClientID":3,"LookUpOrder":173,"LookUpDescription_AR":null,"LookupCode":null,"New":null},{"FieldInstanceID":107,"LookUpID":174,"LookUpDescription":"Taiwanese","LastUPD":null,"ChildFieldInstanceID":null,"ClientID":3,"LookUpOrder":174,"LookUpDescription_AR":null,"LookupCode":null,"New":null},{"FieldInstanceID":107,"LookUpID":175,"LookUpDescription":"Tajik","LastUPD":null,"ChildFieldInstanceID":null,"ClientID":3,"LookUpOrder":175,"LookUpDescription_AR":null,"LookupCode":null,"New":null},{"FieldInstanceID":107,"LookUpID":176,"LookUpDescription":"Tanzanian","LastUPD":null,"ChildFieldInstanceID":null,"ClientID":3,"LookUpOrder":176,"LookUpDescription_AR":null,"LookupCode":null,"New":null},{"FieldInstanceID":107,"LookUpID":177,"LookUpDescription":"Thai","LastUPD":null,"ChildFieldInstanceID":null,"ClientID":3,"LookUpOrder":177,"LookUpDescription_AR":null,"LookupCode":null,"New":null},{"FieldInstanceID":107,"LookUpID":178,"LookUpDescription":"Togolese","LastUPD":null,"ChildFieldInstanceID":null,"ClientID":3,"LookUpOrder":178,"LookUpDescription_AR":null,"LookupCode":null,"New":null},{"FieldInstanceID":107,"LookUpID":179,"LookUpDescription":"Tongan","LastUPD":null,"ChildFieldInstanceID":null,"ClientID":3,"LookUpOrder":179,"LookUpDescription_AR":null,"LookupCode":null,"New":null},{"FieldInstanceID":107,"LookUpID":180,"LookUpDescription":"Trinidadian or Tobagonian","LastUPD":null,"ChildFieldInstanceID":null,"ClientID":3,"LookUpOrder":180,"LookUpDescription_AR":null,"LookupCode":null,"New":null},{"FieldInstanceID":107,"LookUpID":181,"LookUpDescription":"Tunisian","LastUPD":null,"ChildFieldInstanceID":null,"ClientID":3,"LookUpOrder":181,"LookUpDescription_AR":null,"LookupCode":null,"New":null},{"FieldInstanceID":107,"LookUpID":182,"LookUpDescription":"Turkish","LastUPD":null,"ChildFieldInstanceID":null,"ClientID":3,"LookUpOrder":182,"LookUpDescription_AR":null,"LookupCode":null,"New":null},{"FieldInstanceID":107,"LookUpID":183,"LookUpDescription":"Tuvaluan","LastUPD":null,"ChildFieldInstanceID":null,"ClientID":3,"LookUpOrder":183,"LookUpDescription_AR":null,"LookupCode":null,"New":null},{"FieldInstanceID":107,"LookUpID":184,"LookUpDescription":"Ugandan","LastUPD":null,"ChildFieldInstanceID":null,"ClientID":3,"LookUpOrder":184,"LookUpDescription_AR":null,"LookupCode":null,"New":null},{"FieldInstanceID":107,"LookUpID":185,"LookUpDescription":"Ukrainian","LastUPD":null,"ChildFieldInstanceID":null,"ClientID":3,"LookUpOrder":185,"LookUpDescription_AR":null,"LookupCode":null,"New":null},{"FieldInstanceID":107,"LookUpID":186,"LookUpDescription":"Uruguayan","LastUPD":null,"ChildFieldInstanceID":null,"ClientID":3,"LookUpOrder":186,"LookUpDescription_AR":null,"LookupCode":null,"New":null},{"FieldInstanceID":107,"LookUpID":187,"LookUpDescription":"Uzbekistani","LastUPD":null,"ChildFieldInstanceID":null,"ClientID":3,"LookUpOrder":187,"LookUpDescription_AR":null,"LookupCode":null,"New":null},{"FieldInstanceID":107,"LookUpID":188,"LookUpDescription":"Venezuelan","LastUPD":null,"ChildFieldInstanceID":null,"ClientID":3,"LookUpOrder":188,"LookUpDescription_AR":null,"LookupCode":null,"New":null},{"FieldInstanceID":107,"LookUpID":189,"LookUpDescription":"Vietnamese","LastUPD":null,"ChildFieldInstanceID":null,"ClientID":3,"LookUpOrder":189,"LookUpDescription_AR":null,"LookupCode":null,"New":null},{"FieldInstanceID":107,"LookUpID":190,"LookUpDescription":"Welsh","LastUPD":null,"ChildFieldInstanceID":null,"ClientID":3,"LookUpOrder":190,"LookUpDescription_AR":null,"LookupCode":null,"New":null},{"FieldInstanceID":107,"LookUpID":191,"LookUpDescription":"Yemenite","LastUPD":null,"ChildFieldInstanceID":null,"ClientID":3,"LookUpOrder":191,"LookUpDescription_AR":null,"LookupCode":null,"New":null},{"FieldInstanceID":107,"LookUpID":192,"LookUpDescription":"Zambian","LastUPD":null,"ChildFieldInstanceID":null,"ClientID":3,"LookUpOrder":192,"LookUpDescription_AR":null,"LookupCode":null,"New":null},{"FieldInstanceID":107,"LookUpID":193,"LookUpDescription":"Zimbabwean","LastUPD":null,"ChildFieldInstanceID":null,"ClientID":3,"LookUpOrder":193,"LookUpDescription_AR":null,"LookupCode":null,"New":null},{"FieldInstanceID":107,"LookUpID":194,"LookUpDescription":"Indian","LastUPD":null,"ChildFieldInstanceID":null,"ClientID":3,"LookUpOrder":194,"LookUpDescription_AR":null,"LookupCode":null,"New":1}]