{"ID":"2ee2f913d59145299a172c17a77cc3b5539962295","Attributes":[{"Name":"F_300005","ID":"0a2e37b5769d4a13ac80f06266836290539963295","Length":0,"IsRequired":false,"IsUnique":false,"IsCore":false,"IsKey":false,"DisplayName":"Name","DefaultValue":"","Type":2,"IsSecured":false,"FileExtension":"","IsNullable":true,"IsAuto":false,"LookupInstanceID":"","ComponentID":"2ee2f913d59145299a172c17a77cc3b5539962295","Min":0,"Max":0,"LookupDisplayField":"","ComponentLookupDisplayField":""},{"Name":"F_300060","ID":"323953eb58e6455a8cf55bad5ffce1aa539963295","Length":0,"IsRequired":false,"IsUnique":true,"IsCore":false,"IsKey":false,"DisplayName":"Code","DefaultValue":"","Type":2,"IsSecured":false,"FileExtension":"","IsNullable":true,"IsAuto":false,"LookupInstanceID":"","ComponentID":"2ee2f913d59145299a172c17a77cc3b5539962295","Min":0,"Max":0,"LookupDisplayField":"","ComponentLookupDisplayField":""},{"Name":"F_300020","ID":"e1e6c140520f4c41b450e61ad180132c539963295","Length":0,"IsRequired":false,"IsUnique":true,"IsCore":false,"IsKey":false,"DisplayName":"Description","DefaultValue":"","Type":2,"IsSecured":false,"FileExtension":"","IsNullable":true,"IsAuto":false,"LookupInstanceID":"","ComponentID":"2ee2f913d59145299a172c17a77cc3b5539962295","Min":0,"Max":0,"LookupDisplayField":"","ComponentLookupDisplayField":""},{"Name":"F_300025","ID":"563685414b7f4246b9e29ec6c9740574539963295","Length":0,"IsRequired":false,"IsUnique":true,"IsCore":false,"IsKey":false,"DisplayName":"Currency Type","DefaultValue":"","Type":2,"IsSecured":false,"FileExtension":"","IsNullable":true,"IsAuto":false,"LookupInstanceID":"","ComponentID":"2ee2f913d59145299a172c17a77cc3b5539962295","Min":0,"Max":0,"LookupDisplayField":"","ComponentLookupDisplayField":""},{"Name":"F_300030","ID":"e75b3a4503504d0cbccf04c1cc231026539963295","Length":0,"IsRequired":false,"IsUnique":true,"IsCore":false,"IsKey":false,"DisplayName":"Country","DefaultValue":"","Type":5,"IsSecured":false,"FileExtension":"","IsNullable":true,"IsAuto":false,"LookupInstanceID":"106","ComponentID":"2ee2f913d59145299a172c17a77cc3b5539962295","Min":0,"Max":0,"LookupDisplayField":"Description","ComponentLookupDisplayField":""}],"Name":"Business Unit","TableName":"businessunit","Keys":[{"Name":"BusinessUnitID","ID":"6","Length":0,"IsRequired":false,"IsUnique":true,"IsCore":false,"IsKey":true,"DisplayName":"Business UnitID","DefaultValue":"","Type":0,"IsSecured":false,"FileExtension":"","IsNullable":true,"IsAuto":false,"LookupInstanceID":"","ComponentID":"","Min":0,"Max":0,"LookupDisplayField":"","ComponentLookupDisplayField":""}],"Type":0}