[{"ID":"ed04c35e434145bba3529d7365ff1ff5186455310","Attributes":[{"Name":"UserID","ID":"1","Length":0,"IsRequired":false,"IsUnique":true,"IsCore":false,"IsKey":true,"DisplayName":"User Key","DefaultValue":"","Type":0,"IsSecured":false,"FileExtension":"","IsNullable":true,"IsAuto":false,"LookupInstanceID":"","ComponentID":"1","Min":0,"Max":0,"LookupDisplayField":"","ComponentLookupDisplayField":""},{"Name":"F_200005","ID":"2","Length":0,"IsRequired":false,"IsUnique":true,"IsCore":false,"IsKey":false,"DisplayName":"Employee No","DefaultValue":"","Type":2,"IsSecured":false,"FileExtension":"","IsNullable":true,"IsAuto":false,"LookupInstanceID":"","ComponentID":"1","Min":0,"Max":0,"LookupDisplayField":"","ComponentLookupDisplayField":""},{"Name":"F_200015","ID":"3","Length":0,"IsRequired":false,"IsUnique":false,"IsCore":false,"IsKey":false,"DisplayName":"Employee Name","DefaultValue":"","Type":2,"IsSecured":false,"FileExtension":"","IsNullable":true,"IsAuto":false,"LookupInstanceID":"","ComponentID":"1","Min":0,"Max":0,"LookupDisplayField":"","ComponentLookupDisplayField":""},{"Name":"F_200115","ID":"4","Length":0,"IsRequired":false,"IsUnique":false,"IsCore":false,"IsKey":false,"DisplayName":"Email","DefaultValue":"","Type":2,"IsSecured":false,"FileExtension":"","IsNullable":true,"IsAuto":false,"LookupInstanceID":"","ComponentID":"1","Min":0,"Max":0,"LookupDisplayField":"","ComponentLookupDisplayField":""},{"Name":"F_200040","ID":"5","Length":0,"IsRequired":false,"IsUnique":false,"IsCore":false,"IsKey":false,"DisplayName":"Gender","DefaultValue":"","Type":5,"IsSecured":false,"FileExtension":"","IsNullable":true,"IsAuto":false,"LookupInstanceID":"102","ComponentID":"1","Min":0,"Max":0,"LookupDisplayField":"Description","ComponentLookupDisplayField":""},{"Name":"F_200050","ID":"6","Length":0,"IsRequired":false,"IsUnique":false,"IsCore":false,"IsKey":false,"DisplayName":"Nationality","DefaultValue":"","Type":5,"IsSecured":false,"FileExtension":"","IsNullable":true,"IsAuto":false,"LookupInstanceID":"107","ComponentID":"1","Min":0,"Max":0,"LookupDisplayField":"Description","ComponentLookupDisplayField":""},{"Name":"F_200045","ID":"7","Length":0,"IsRequired":false,"IsUnique":false,"IsCore":false,"IsKey":false,"DisplayName":"Marital Status","DefaultValue":"","Type":5,"IsSecured":false,"FileExtension":"","IsNullable":true,"IsAuto":false,"LookupInstanceID":"254","ComponentID":"1","Min":0,"Max":0,"LookupDisplayField":"Description","ComponentLookupDisplayField":""}],"Name":"Employee","TableName":"sys_user","Keys":[{"Name":"UserID","ID":"1","Length":0,"IsRequired":false,"IsUnique":true,"IsCore":false,"IsKey":true,"DisplayName":"User Key","DefaultValue":"","Type":0,"IsSecured":false,"FileExtension":"","IsNullable":true,"IsAuto":false,"LookupInstanceID":"","ComponentID":"1","Min":0,"Max":0,"LookupDisplayField":"","ComponentLookupDisplayField":""}],"Type":0},{"ID":"2ee2f913d59145299a172c17a77cc3b5539962295","Attributes":[{"Name":"F_300005","ID":"0a2e37b5769d4a13ac80f06266836290539963295","Length":0,"IsRequired":false,"IsUnique":false,"IsCore":false,"IsKey":false,"DisplayName":"Name","DefaultValue":"","Type":2,"IsSecured":false,"FileExtension":"","IsNullable":true,"IsAuto":false,"LookupInstanceID":"","ComponentID":"2ee2f913d59145299a172c17a77cc3b5539962295","Min":0,"Max":0,"LookupDisplayField":"","ComponentLookupDisplayField":""},{"Name":"F_300060","ID":"323953eb58e6455a8cf55bad5ffce1aa539963295","Length":0,"IsRequired":false,"IsUnique":true,"IsCore":false,"IsKey":false,"DisplayName":"Code","DefaultValue":"","Type":2,"IsSecured":false,"FileExtension":"","IsNullable":true,"IsAuto":false,"LookupInstanceID":"","ComponentID":"2ee2f913d59145299a172c17a77cc3b5539962295","Min":0,"Max":0,"LookupDisplayField":"","ComponentLookupDisplayField":""},{"Name":"F_300020","ID":"e1e6c140520f4c41b450e61ad180132c539963295","Length":0,"IsRequired":false,"IsUnique":true,"IsCore":false,"IsKey":false,"DisplayName":"Description","DefaultValue":"","Type":2,"IsSecured":false,"FileExtension":"","IsNullable":true,"IsAuto":false,"LookupInstanceID":"","ComponentID":"2ee2f913d59145299a172c17a77cc3b5539962295","Min":0,"Max":0,"LookupDisplayField":"","ComponentLookupDisplayField":""},{"Name":"F_300025","ID":"563685414b7f4246b9e29ec6c9740574539963295","Length":0,"IsRequired":false,"IsUnique":true,"IsCore":false,"IsKey":false,"DisplayName":"Currency Type","DefaultValue":"","Type":2,"IsSecured":false,"FileExtension":"","IsNullable":true,"IsAuto":false,"LookupInstanceID":"","ComponentID":"2ee2f913d59145299a172c17a77cc3b5539962295","Min":0,"Max":0,"LookupDisplayField":"","ComponentLookupDisplayField":""},{"Name":"F_300030","ID":"e75b3a4503504d0cbccf04c1cc231026539963295","Length":0,"IsRequired":false,"IsUnique":true,"IsCore":false,"IsKey":false,"DisplayName":"Country","DefaultValue":"","Type":5,"IsSecured":false,"FileExtension":"","IsNullable":true,"IsAuto":false,"LookupInstanceID":"106","ComponentID":"2ee2f913d59145299a172c17a77cc3b5539962295","Min":0,"Max":0,"LookupDisplayField":"Description","ComponentLookupDisplayField":""}],"Name":"Business Unit","TableName":"businessunit","Keys":[{"Name":"BusinessUnitID","ID":"6","Length":0,"IsRequired":false,"IsUnique":true,"IsCore":false,"IsKey":true,"DisplayName":"Business UnitID","DefaultValue":"","Type":0,"IsSecured":false,"FileExtension":"","IsNullable":true,"IsAuto":false,"LookupInstanceID":"","ComponentID":"","Min":0,"Max":0,"LookupDisplayField":"","ComponentLookupDisplayField":""}],"Type":0}]