{"ID":"ed04c35e434145bba3529d7365ff1ff5186455310","Attributes":[{"Name":"UserID","ID":"1","Length":0,"IsRequired":false,"IsUnique":true,"IsCore":false,"IsKey":true,"DisplayName":"User Key","DefaultValue":"","Type":0,"IsSecured":false,"FileExtension":"","IsNullable":true,"IsAuto":false,"LookupInstanceID":"","ComponentID":"1","Min":0,"Max":0,"LookupDisplayField":"","ComponentLookupDisplayField":""},{"Name":"F_200005","ID":"2","Length":0,"IsRequired":false,"IsUnique":true,"IsCore":false,"IsKey":false,"DisplayName":"Employee No","DefaultValue":"","Type":2,"IsSecured":false,"FileExtension":"","IsNullable":true,"IsAuto":false,"LookupInstanceID":"","ComponentID":"1","Min":0,"Max":0,"LookupDisplayField":"","ComponentLookupDisplayField":""},{"Name":"F_200015","ID":"3","Length":0,"IsRequired":false,"IsUnique":false,"IsCore":false,"IsKey":false,"DisplayName":"Employee Name","DefaultValue":"","Type":2,"IsSecured":false,"FileExtension":"","IsNullable":true,"IsAuto":false,"LookupInstanceID":"","ComponentID":"1","Min":0,"Max":0,"LookupDisplayField":"","ComponentLookupDisplayField":""},{"Name":"F_200115","ID":"4","Length":0,"IsRequired":false,"IsUnique":false,"IsCore":false,"IsKey":false,"DisplayName":"Email","DefaultValue":"","Type":2,"IsSecured":false,"FileExtension":"","IsNullable":true,"IsAuto":false,"LookupInstanceID":"","ComponentID":"1","Min":0,"Max":0,"LookupDisplayField":"","ComponentLookupDisplayField":""},{"Name":"F_200040","ID":"5","Length":0,"IsRequired":false,"IsUnique":false,"IsCore":false,"IsKey":false,"DisplayName":"Gender","DefaultValue":"","Type":5,"IsSecured":false,"FileExtension":"","IsNullable":true,"IsAuto":false,"LookupInstanceID":"102","ComponentID":"1","Min":0,"Max":0,"LookupDisplayField":"Description","ComponentLookupDisplayField":""},{"Name":"F_200050","ID":"6","Length":0,"IsRequired":false,"IsUnique":false,"IsCore":false,"IsKey":false,"DisplayName":"Nationality","DefaultValue":"","Type":5,"IsSecured":false,"FileExtension":"","IsNullable":true,"IsAuto":false,"LookupInstanceID":"107","ComponentID":"1","Min":0,"Max":0,"LookupDisplayField":"Description","ComponentLookupDisplayField":""},{"Name":"F_200045","ID":"7","Length":0,"IsRequired":false,"IsUnique":false,"IsCore":false,"IsKey":false,"DisplayName":"Marital Status","DefaultValue":"","Type":5,"IsSecured":false,"FileExtension":"","IsNullable":true,"IsAuto":false,"LookupInstanceID":"254","ComponentID":"1","Min":0,"Max":0,"LookupDisplayField":"Description","ComponentLookupDisplayField":""}],"Name":"Employee","TableName":"sys_user","Keys":[{"Name":"UserID","ID":"1","Length":0,"IsRequired":false,"IsUnique":true,"IsCore":false,"IsKey":true,"DisplayName":"User Key","DefaultValue":"","Type":0,"IsSecured":false,"FileExtension":"","IsNullable":true,"IsAuto":false,"LookupInstanceID":"","ComponentID":"1","Min":0,"Max":0,"LookupDisplayField":"","ComponentLookupDisplayField":""}],"Type":0}